product_id,brand,product_name,image_url,selling_price,mrp_price,discount_percent,rating,comment_count,listing_type,source_page
38111869,U.S. Polo Assn.,Men Running Shoes,"https://assets.myntassets.com/dpr_2,q_60,w_210,c_limit,fl_progressive/assets/images/2025/DECEMBER/9/Ejmu6rQD_a81aeec49bbc43e8b5653873ec8cbc9f.jpg",Rs. 2599,Rs. 3999,(35% OFF),4.3,"|
665",Advertisement,keyword
36551276,Puma,Galaxis Pro Running Shoes,"https://assets.myntassets.com/dpr_2,q_60,w_210,c_limit,fl_progressive/assets/images/2025/OCTOBER/8/NNUOJkf4_eae0604368584f5d990e63895588c47b.jpg",Rs. 3499,Rs. 6999,(50% OFF),4.3,"|
3.3k",Advertisement,keyword
29553912,HRX by Hrithik Roshan,Unisex Back To School Shoes,"https://assets.myntassets.com/dpr_2,q_60,w_210,c_limit,fl_progressive/assets/images/29553912/2024/5/17/5f90bc0f-c248-4bff-8a88-54128a77c4a61715927218769HRXbyHrithikRoshanUnisexTexturedSneakers1.jpg",Rs. 3699,,,4.2,"|
2.2k",Organic,keyword
39078575,HOOH Now Comfort in Fashion,Unisex Kids Colourblocked Sneakers,"https://assets.myntassets.com/dpr_2,q_60,w_210,c_limit,fl_progressive/assets/images/2025/DECEMBER/31/ryqpPIpu_e2eb12133834405bb7691383daa240cd.jpg",Rs. 590,Rs. 1299,(55% OFF),4,"|
66",Organic,keyword
39264434,Campus,Men Walking Shoes,"https://assets.myntassets.com/dpr_2,q_60,w_210,c_limit,fl_progressive/assets/images/2026/JANUARY/8/0wHhRGck_2a96c60e2f15489280310fc5d99d946d.jpg",Rs. 2499,Rs. 3499,(29% OFF),,,Advertisement,keyword
30191547,WROGN,Men Running Shoes,"https://assets.myntassets.com/dpr_2,q_60,w_210,c_limit,fl_progressive/assets/images/2025/OCTOBER/28/2I3B3jca_f4bed344731645599970b95cea3efcc7.jpg",Rs. 1154,Rs. 3299,(65% OFF),3.8,"|
25",Organic,keyword
24031396,HRX by Hrithik Roshan,Women Running Shoes,"https://assets.myntassets.com/dpr_2,q_60,w_210,c_limit,fl_progressive/assets/images/24031396/2023/7/15/1e2fc064-de69-4926-a5a5-4e9f1df7a3ec1689363715334SportsShoes1.jpg",Rs. 998,Rs. 2999,(67% OFF),4.3,"|
15.6k",Organic,keyword
33384081,CULT,Men Running Shoes,"https://assets.myntassets.com/dpr_2,q_60,w_210,c_limit,fl_progressive/assets/images/33384081/2025/6/28/934c2543-b352-4ccf-80a9-c3cde7847e9a1751102947074-CULT-Men-Strix-Running-Shoes----BlackBlue-4831751102946582-1.jpg",Rs. 2799,Rs. 4069,(31% OFF),4.3,"|
112",Advertisement,keyword
39555444,Lavie,Party Kitten Sandals,"https://assets.myntassets.com/dpr_2,q_60,w_210,c_limit,fl_progressive/assets/images/2026/JANUARY/23/u4BlRI2D_385e1f8ee2144f7b969448a8e7ff638b.jpg",Rs. 999,Rs. 2999,(67% OFF),,,Organic,keyword
2612778,Red Chief,Leather Casual Shoes,"https://assets.myntassets.com/dpr_2,q_60,w_210,c_limit,fl_progressive/assets/images/2612778/2022/7/24/b23c6cdb-8d5a-473f-b1d0-d0670d67e27a1658643091082RedChiefMenBlackLeatherSemiformalDerbys1.jpg",Rs. 2088,Rs. 5299,(61% OFF),4.3,"|
1.3k",Organic,keyword
37904137,U.S. Polo Assn.,Men Walking Shoes,"https://assets.myntassets.com/dpr_2,q_60,w_210,c_limit,fl_progressive/assets/images/2025/DECEMBER/3/enpfhCBF_61b9e34606fe4299908485cd86ee4fdc.jpg",Rs. 2599,Rs. 3999,(35% OFF),3.6,"|
129",Advertisement,keyword
26176822,Roadster,Women Zippered Boots,,Rs. 1229,Rs. 4699,(74% OFF),4.2,"|
2k",Organic,keyword
36820976,Sole Saga,Block Mary Janes with Buckles,,Rs. 794,Rs. 3299,(76% OFF),4.5,"|
677",Organic,keyword
32588864,Puma,Skyrocket Lite Running Shoes,,Rs. 2999,Rs. 4999,(40% OFF),4.3,"|
267",Advertisement,keyword
32085906,HRX by Hrithik Roshan,Unisex Running Shoes,,Rs. 1116,Rs. 2999,(63% OFF),4.3,"|
3.2k",Organic,keyword
39636344,ASIAN,Men Running Shoes,,Rs. 1499,,,,,Organic,keyword
32595435,ONYC,Unisex Kids Colourblocked PU High-Top Sneakers,,Rs. 798,Rs. 1299,(39% OFF),4.7,"|
175",Advertisement,keyword
31720914,Bata,Men Leather Formal Slip-Ons,,Rs. 692,Rs. 1099,(37% OFF),4.3,"|
370",Organic,keyword
33431319,Provogue,Men Leather Formal Derbys,,Rs. 744,Rs. 3299,(77% OFF),4.1,"|
1.3k",Organic,keyword
34807146,Nike,3 Next Nature Workout Shoes,,Rs. 3996,Rs. 4995,(20% OFF),4.4,"|
221",Advertisement,keyword
34735867,max,Solid Slip-On Mary Janes,,Rs. 489,Rs. 699,(30% OFF),4.2,"|
16",Organic,keyword
34314947,Stylestry,Women Block-Heeled Biker Boots,,Rs. 606,Rs. 1999,(Rs. 1393 OFF),4.4,"|
129",Organic,keyword
33397117,Killer,Men Formal Derbys,,Rs. 744,Rs. 3299,(77% OFF),3.8,"|
136",Advertisement,keyword
39356089,LUXEVE,Embellished Party Stiletto Mules,,Rs. 1692,Rs. 3499,(52% OFF),,,Organic,keyword
38293795,Shozie,Girls Sneakers,,Rs. 489,Rs. 999,(51% OFF),3.7,"|
6",Organic,keyword
35883319,Field Care,Men Low-Top Formal Shoes,,Rs. 1334,Rs. 2999,(56% OFF),,,Advertisement,keyword
31720923,Bata,Men Leather Formal Derbys,,Rs. 753,Rs. 1299,(42% OFF),3.8,"|
425",Organic,keyword
32085910,HRX by Hrithik Roshan,Unisex Running Shoes,,Rs. 1116,Rs. 2999,(63% OFF),4.3,"|
3.1k",Organic,keyword
38100206,NEEMANS,Men Woven Design Sneakers,,Rs. 1199,Rs. 2299,(48% OFF),4.1,"|
49",Advertisement,keyword
30396659,ASIAN,Men Colourblocked Sneakers,,Rs. 794,Rs. 1499,(47% OFF),4,"|
12.5k",Organic,keyword
